www.962.net网站关键词,,,,,,,,,,,,
关键词,百度排名,排名变化,收录量,百度指数,竞价公司数量,百度PC检索量,百度移动检索量,竞价竞争激烈程度,标题,链接,一级目录,二级目录
生化博士,1,0,1430000,45,0,20,20,1,LOL生化博士黑默丁格皮肤多少钱 效果演示_乐游网,http://www.962.net/wz/92415.html,wz,
dota theme manager,1,0,141000,17,0,1,0,0,DotA地图皮肤修改器下载(DotA Theme Manager V4)-乐游网游戏下载,http://www.962.net/patch/10493.html,patch,
dnf解密,1,0,2560000,53,0,0,0,0,DNF2017年2月9日-15日数字解密答案_乐游网,http://www.962.net/wz/162342.html,wz,
口袋妖怪白金金手指,1,0,1180000,245,0,90,60,1,口袋妖怪白金金手指大全及使用方法_乐游网,http://www.962.net/gl/30648.html,gl,
口袋妖怪白金金手指代码,1,0,1160000,63,0,10,1,0,口袋妖怪白金金手指大全及使用方法_乐游网,http://www.962.net/gl/30648.html,gl,
口袋妖怪白金版金手指,1,0,1800000,0,0,2,1,2,口袋妖怪白金金手指大全及使用方法_乐游网,http://www.962.net/gl/30648.html,gl,
白金金手指,1,0,1110000,36,0,10,1,3,口袋妖怪白金金手指大全及使用方法_乐游网,http://www.962.net/gl/30648.html,gl,
山寨lol,1,0,2730000,0,0,0,0,0,国产山寨神乎其技 多图对比高仿英雄联盟完整页_乐游网,http://www.962.net/html/51222_all.html,html,
禁片电影,1,0,2460000,89,0,10,20,0,全球20部禁播电影一览 日本片最无下限完整页_乐游网,http://www.962.net/html/44911_all.html,html,
怎么读,1,0,100000000,955,0,350,2400,0,牧TZ等生僻字怎么读_乐游网,http://www.962.net/gl/37723.html,gl,
house party,1,0,13600000,55,3,20,20,1,家庭派对House partyPC游戏Steam破解R18中文版|家庭派对(House ...,http://www.962.net/sim/207575.html,sim,
魔方世界攻略,1,0,302000,79,0,4,10,1,《魔方世界》新手大陆前期攻略_乐游网,http://www.962.net/gl/63355.html,gl,
侠客英雄传3,1,0,27500,109,0,20,10,1,侠客英雄传3攻略|侠客英雄传3下载中文硬盘版-乐游网游戏下载,http://www.962.net/rpg/21709.html,rpg,
